n,m,NameInstance,tot_real_time,tot_cputime,tot_bb,tot_lb,tot_lb_root,tot_heuristic,tot_build_dd,tot_pricing,total_reduce_cost_fixing,rel_error,global_lower_bound,global_upper_bound,first_rel_error,global_upper_bound_root,global_lowerbound_root,nb_generated_col,nb_generated_col_root,first_size_graph,size_after_reduced_cost,mip_nb_vars,mip_nb_constr,mip_obj_bound,mip_obj_bound_lp,mip_rel_gap,mip_run_time,mip_status,mip_nb_iter_simplex,mip_nb_nodes,nb_nodes_explored,date,nb_iterations_rvnd,stabilization,alpha,pricing_solver,strong_branching,branching_point,refinement,pruning_test,suboptimal_duals,scoring_parameter,scoring_value,use_cpu_time
40,2,wt040_001,8.386947632,8.38695,4.84005,3.13931,0.35229,3.47034,0.07174,3.1275,2.28317,0,606,606,0.037671233,606,584,537,190,50934,28219,0,0,0,0,0,110,0,0,0,3,7/12/2021,5000,1,0.8,3,8,0.7,false,false,false,3,0,false
40,2,wt040_006,9.986312866,9.98631,5.00388,1.35575,0.44135,4.88795,0.08938,1.34906,0.52452,0,3886,3886,0.00283871,3886,3875,521,218,54678,14839,0,0,0,0,0,110,0,0,0,4,7/12/2021,5000,1,0.8,3,8,0.7,false,false,false,3,0,false
40,2,wt040_011,7.047279358,7.04728,2.49584,1.0624,0.49252,4.46885,0.07855,1.06001,0.445,0,9617,9617,0.002606339,9617,9592,388,238,53120,10911,0,0,0,0,0,110,0,0,0,1,7/12/2021,5000,1,0.8,3,8,0.7,false,false,false,3,0,false
40,2,wt040_016,71.40795326,71.40795,66.062,28.60791,1.12947,5.25069,0.09075,28.54983,14.20048,0,38356,38356,0.002063903,38356,38277,6556,356,57228,10307,0,0,0,0,0,110,0,0,0,13,7/12/2021,5000,1,0.8,3,8,0.7,false,false,false,3,0,false
40,2,wt040_021,5.053598404,5.0536,0.97374,0.95196,0.97075,4.01986,0.05619,0.95111,0.46521,0,41048,41048,0,41048,41048,466,466,40900,0,0,0,0,0,0,110,0,0,0,0,7/12/2021,5000,1,0.8,3,8,0.7,false,false,false,3,0,false
40,2,wt040_026,3.388875961,3.38887,0.37915,0.35681,0.37503,2.9106,0.09309,0.35635,0.10694,0,87,87,0,87,87,153,153,59514,0,0,0,0,0,0,110,0,0,0,0,7/12/2021,5000,1,0.8,3,8,0.7,false,false,false,3,0,false
40,2,wt040_031,15.53401756,15.53402,9.91756,6.44442,0.51219,5.51709,0.09531,6.42615,4.37525,0,3812,3812,0.014369345,3812,3758,1205,248,68310,20288,0,0,0,0,0,110,0,0,0,3,7/12/2021,5000,1,0.8,3,8,0.7,false,false,false,3,0,false
40,2,wt040_036,51.88507652,51.88508,44.96759,18.90605,0.79032,6.80871,0.10454,18.83387,9.54328,0,10713,10713,0.004971857,10713,10660,6370,337,63192,9952,0,0,0,0,0,110,0,0,0,23,7/12/2021,5000,1,0.8,3,8,0.7,false,false,false,3,0,false
40,2,wt040_041,10.80404663,10.80405,4.66163,1.56788,1.31626,6.04688,0.09127,1.56588,0.76328,0,30802,30802,0.000129879,30802,30798,444,388,61714,1438,0,0,0,0,0,110,0,0,0,2,7/12/2021,5000,1,0.8,3,8,0.7,false,false,false,3,0,false
40,2,wt040_046,5.567756653,5.56776,1.03374,1.01303,1.0308,4.47438,0.05577,1.01184,0.39629,0,34146,34146,0,34146,34146,555,555,34756,0,0,0,0,0,0,110,0,0,0,0,7/12/2021,5000,1,0.8,3,8,0.7,false,false,false,3,0,false
40,2,wt040_051,0.167724609,0.16772,0.05087,0.02365,0.04607,0.00122,0.11159,0.02361,0.02186,0,0,0,0,0,0,1,1,69618,0,0,0,0,0,0,110,0,0,0,0,7/12/2021,5000,1,0.8,3,8,0.7,false,false,false,3,0,false
40,2,wt040_056,8.122943878,8.12294,3.50566,1.50096,0.56576,4.51258,0.10071,1.49281,0.77977,0,1279,1279,0.005503145,1279,1272,430,247,62972,27421,0,0,0,0,0,110,0,0,0,3,7/12/2021,5000,1,0.8,3,8,0.7,false,false,false,3,0,false
40,2,wt040_061,167.8640518,167.86405,159.91159,74.5531,0.86557,7.84407,0.10423,74.3296,37.72308,0,11488,11488,0.016457264,11488,11302,21243,359,69558,19812,0,0,0,0,0,110,0,0,0,52,7/12/2021,5000,1,0.8,3,8,0.7,false,false,false,3,0,false
40,2,wt040_066,211.2555504,211.25555,204.13954,83.11929,1.73586,6.97994,0.13017,82.9888,47.86678,0,35279,35279,0.004241389,35279,35130,13538,335,68952,15790,0,0,0,0,0,110,0,0,0,38,7/12/2021,5000,1,0.8,3,8,0.7,false,false,false,3,0,false
40,2,wt040_071,15.39566231,15.39566,9.13966,3.18,1.41238,6.15363,0.09829,3.17701,1.32619,0,47952,47952,0.000354647,47952,47935,731,456,50128,3920,0,0,0,0,0,110,0,0,0,2,7/12/2021,5000,1,0.8,3,8,0.7,false,false,false,3,0,false
40,2,wt040_076,0.151849747,0.15185,0.04695,0.02215,0.04258,0.00101,0.1003,0.02211,0.02026,0,0,0,0,0,0,1,1,62410,0,0,0,0,0,0,110,0,0,0,0,7/12/2021,5000,1,0.8,3,8,0.7,false,false,false,3,0,false
40,2,wt040_081,26.48207474,26.48207,13.60781,8.31373,0.69042,12.76547,0.10445,8.28883,5.4858,0,571,571,0.266075387,571,451,1306,286,66352,24296,0,0,0,0,0,110,0,0,0,8,7/12/2021,5000,1,0.8,3,8,0.7,false,false,false,3,0,false
40,2,wt040_086,14.93099213,14.93099,6.68279,3.33121,0.80802,8.13123,0.11261,3.32321,1.48185,0,6048,6048,0.008672448,6048,5996,1249,352,71928,7033,0,0,0,0,0,110,0,0,0,2,7/12/2021,5000,1,0.8,3,8,0.7,false,false,false,3,0,false
40,2,wt040_091,8.193510056,8.19351,1.02732,1.0019,1.02233,7.03762,0.1244,1.0005,0.26559,0,26075,26075,0,26075,26075,529,529,71306,0,0,0,0,0,0,110,0,0,0,0,7/12/2021,5000,1,0.8,3,8,0.7,false,false,false,3,0,false
40,2,wt040_096,10.13160133,10.1316,4.42595,1.86359,1.3829,5.59247,0.10926,1.86172,0.78229,0,66116,66116,9.08E-05,66116,66110,588,474,62500,2429,0,0,0,0,0,110,0,0,0,1,7/12/2021,5000,1,0.8,3,8,0.7,false,false,false,3,0,false
40,2,wt040_101,0.169435501,0.16943,0.04842,0.02377,0.04344,0.00089,0.11614,0.02373,0.022,0,0,0,0,0,0,1,1,74392,0,0,0,0,0,0,110,0,0,0,0,7/12/2021,5000,1,0.8,3,8,0.7,false,false,false,3,0,false
40,2,wt040_106,0.189161301,0.18916,0.05696,0.03028,0.05156,0.00092,0.12729,0.03025,0.02777,0,0,0,0,0,0,1,1,82078,0,0,0,0,0,0,110,0,0,0,0,7/12/2021,5000,1,0.8,3,8,0.7,false,false,false,3,0,false
40,2,wt040_111,39.82721901,39.82722,31.36678,11.27036,0.99897,8.31725,0.13901,11.24405,5.61909,0,17936,17936,0.002179136,17936,17897,3105,367,85720,5686,0,0,0,0,0,110,0,0,0,9,7/12/2021,5000,1,0.8,3,8,0.7,false,false,false,3,0,false
40,2,wt040_116,54.47305679,54.47306,46.60365,19.96779,0.89912,7.76053,0.10469,19.93105,10.16031,0,25870,25870,0.004114268,25870,25764,4735,346,68976,11530,0,0,0,0,0,110,0,0,0,8,7/12/2021,5000,1,0.8,3,8,0.7,false,false,false,3,0,false
40,2,wt040_121,12.89881897,12.89882,6.84004,2.69849,2.01672,5.9254,0.12875,2.69574,1.36792,0,64516,64516,0.00013952,64516,64507,649,504,68842,1629,0,0,0,0,0,110,0,0,0,2,7/12/2021,5000,1,0.8,3,8,0.7,false,false,false,3,0,false
40,4,wt040_001,7.398448944,7.39845,0.61477,0.32841,0.22579,6.73509,0.04433,0.32711,0.12265,0,439,439,0.002283105,439,438,200,162,29818,9984,0,0,0,0,0,110,0,0,0,1,7/12/2021,5000,1,0.8,3,8,0.7,false,false,false,3,0,false
40,4,wt040_006,8.578313828,8.57831,1.16953,0.39273,0.24081,7.34638,0.05316,0.39155,0.10067,0,2374,2374,0.00084317,2374,2372,212,197,30490,5171,0,0,0,0,0,110,0,0,0,1,7/12/2021,5000,1,0.8,3,8,0.7,false,false,false,3,0,false
40,4,wt040_011,7.947254181,7.94725,1.29478,0.4087,0.27297,6.59968,0.04435,0.40748,0.08821,0,5737,5737,0.000348736,5737,5735,243,221,31252,3868,0,0,0,0,0,110,0,0,0,1,7/12/2021,5000,1,0.8,3,8,0.7,false,false,false,3,0,false
40,4,wt040_016,22.97621346,22.97621,16.66696,3.27145,0.81701,6.25784,0.04317,3.26098,1.63695,0,21493,21493,0.000418916,21493,21484,1023,199,34062,2511,0,0,0,0,0,110,0,0,0,22,7/12/2021,5000,1,0.8,3,8,0.7,false,false,false,3,0,false
40,4,wt040_021,5.436420441,5.43642,0.57508,0.55376,0.57302,4.81641,0.03689,0.55331,0.3233,0,22793,22793,0,22793,22793,251,251,26748,0,0,0,0,0,0,110,0,0,0,0,7/12/2021,5000,1,0.8,3,8,0.7,false,false,false,3,0,false
40,4,wt040_026,6.062232971,6.06223,0.14247,0.12115,0.13991,5.85573,0.05111,0.12086,0.02438,0,88,88,0,88,88,123,123,32844,0,0,0,0,0,0,110,0,0,0,0,7/12/2021,5000,1,0.8,3,8,0.7,false,false,false,3,0,false
40,4,wt040_031,10.14792061,10.14792,1.53592,0.77578,0.23424,8.55206,0.05017,0.77379,0.34243,0,2525,2525,0.01161859,2525,2496,323,185,36764,8350,0,0,0,0,0,110,0,0,0,1,7/12/2021,5000,1,0.8,3,8,0.7,false,false,false,3,0,false
40,4,wt040_036,26.19732666,26.19733,15.53694,6.40722,0.64944,10.59035,0.05603,6.39346,3.47882,0,6420,6420,0.010228167,6420,6355,1291,178,37210,7461,0,0,0,0,0,110,0,0,0,6,7/12/2021,5000,1,0.8,3,8,0.7,false,false,false,3,0,false
40,4,wt040_041,15.04090691,15.04091,7.64391,2.94085,0.38505,7.33006,0.05847,2.93795,1.4869,0,17685,17685,0.002949016,17685,17633,546,256,36340,7334,0,0,0,0,0,110,0,0,0,2,7/12/2021,5000,1,0.8,3,8,0.7,false,false,false,3,0,false
40,4,wt040_046,6.064947128,6.06495,0.61219,0.59173,0.61035,5.40183,0.0417,0.59115,0.30448,0,19124,19124,0,19124,19124,343,343,26094,0,0,0,0,0,0,110,0,0,0,0,7/12/2021,5000,1,0.8,3,8,0.7,false,false,false,3,0,false
40,4,wt040_051,0.109525681,0.10952,0.0367,0.01197,0.03418,0.00118,0.058,0.01193,0.01112,0,0,0,0,0,0,1,1,37056,0,0,0,0,0,0,110,0,0,0,0,7/12/2021,5000,1,0.8,3,8,0.7,false,false,false,3,0,false
40,4,wt040_056,11.57287598,11.57288,3.8049,1.95467,0.18195,7.70866,0.05016,1.9308,1.23544,0,826,826,0.035087719,826,798,648,135,34522,14538,0,0,0,0,0,110,0,0,0,5,7/12/2021,5000,1,0.8,3,8,0.7,false,false,false,3,0,false
40,4,wt040_061,50.47255516,50.47255,40.66526,12.18643,0.6773,9.74766,0.05574,12.15453,5.87979,0,7357,7357,0.005741627,7357,7315,3308,212,37862,5652,0,0,0,0,0,110,0,0,0,27,7/12/2021,5000,1,0.8,3,8,0.7,false,false,false,3,0,false
40,4,wt040_066,9.369977951,9.36998,2.10469,1.11559,0.97193,7.19049,0.06203,1.11482,0.75924,0,20251,20251,0.00019756,20251,20247,211,211,38534,1296,0,0,0,0,0,110,0,0,0,1,7/12/2021,5000,1,0.8,3,8,0.7,false,false,false,3,0,false
40,4,wt040_071,6.691469193,6.69147,0.53777,0.51704,0.53546,6.09312,0.05175,0.51621,0.16677,0,26740,26740,0,26740,26740,452,452,33852,0,0,0,0,0,0,110,0,0,0,0,7/12/2021,5000,1,0.8,3,8,0.7,false,false,false,3,0,false
40,4,wt040_076,0.094552994,0.09455,0.03249,0.0105,0.03001,0.0011,0.04793,0.01046,0.00971,0,0,0,0,0,0,1,1,34098,0,0,0,0,0,0,110,0,0,0,0,7/12/2021,5000,1,0.8,3,8,0.7,false,false,false,3,0,false
40,4,wt040_081,14.0920639,14.09206,3.93296,1.69491,0.23772,10.10642,0.04151,1.68714,0.75447,0,564,564,0.044444444,564,540,645,174,36966,5925,0,0,0,0,0,110,0,0,0,9,7/12/2021,5000,1,0.8,3,8,0.7,false,false,false,3,0,false
40,4,wt040_086,13.15233994,13.15234,2.80095,1.29585,0.94779,10.2629,0.07528,1.29465,0.91041,0,4725,4725,0.001271456,4725,4719,177,144,37698,945,0,0,0,0,0,110,0,0,0,2,7/12/2021,5000,1,0.8,3,8,0.7,false,false,false,3,0,false
40,4,wt040_091,14.65086365,14.65086,6.76801,2.25785,0.82196,7.80524,0.06459,2.25525,1.0953,0,15569,15569,0.000771357,15569,15557,370,261,38682,1986,0,0,0,0,0,110,0,0,0,3,7/12/2021,5000,1,0.8,3,8,0.7,false,false,false,3,0,false
40,4,wt040_096,6.910160065,6.91016,1.1345,1.11246,1.13177,5.70643,0.05653,1.1121,0.94735,0,36266,36266,0,36266,36266,162,162,36790,0,0,0,0,0,0,110,0,0,0,0,7/12/2021,5000,1,0.8,3,8,0.7,false,false,false,3,0,false
40,4,wt040_101,0.106819153,0.10682,0.03599,0.01309,0.03285,0.00121,0.0599,0.01305,0.0121,0,0,0,0,0,0,1,1,38696,0,0,0,0,0,0,110,0,0,0,0,7/12/2021,5000,1,0.8,3,8,0.7,false,false,false,3,0,false
40,4,wt040_106,0.117422104,0.11742,0.03746,0.01393,0.03436,0.00169,0.06743,0.01389,0.01274,0,0,0,0,0,0,1,1,42798,0,0,0,0,0,0,110,0,0,0,0,7/12/2021,5000,1,0.8,3,8,0.7,false,false,false,3,0,false
40,4,wt040_111,27.52099991,27.521,9.39252,4.02529,0.76029,18.04979,0.06298,4.01518,2.28144,0,11263,11263,0.004548698,11263,11212,1010,182,44202,5866,0,0,0,0,0,110,0,0,0,4,7/12/2021,5000,1,0.8,3,8,0.7,false,false,false,3,0,false
40,4,wt040_116,29.32824135,29.32824,19.42596,7.13547,0.96609,9.84083,0.04723,7.11655,3.72804,0,15566,15566,0.001737564,15566,15539,1706,198,39100,4154,0,0,0,0,0,110,0,0,0,10,7/12/2021,5000,1,0.8,3,8,0.7,false,false,false,3,0,false
40,4,wt040_121,18.46906853,18.46907,11.39208,4.17657,0.70781,7.00374,0.06391,4.16758,1.88385,0,35751,35751,0.000335768,35751,35739,1392,286,39702,3261,0,0,0,0,0,110,0,0,0,6,7/12/2021,5000,1,0.8,3,8,0.7,false,false,false,3,0,false
50,2,wt050_001,18.09311485,18.09311,13.092,8.98142,0.73335,4.84833,0.14761,8.92843,6.57948,0,1268,1268,0.029220779,1268,1232,848,242,86148,51328,0,0,0,0,0,110,0,0,0,3,7/12/2021,5000,1,0.8,3,8,0.7,false,false,false,3,0,false
50,2,wt050_006,88.36632156,88.36632,78.98113,36.21785,1.91634,9.17564,0.20329,36.03499,23.56086,0,14272,14272,0.000771334,14272,14261,3803,386,95648,26493,0,0,0,0,0,110,0,0,0,12,7/12/2021,5000,1,0.8,3,8,0.7,false,false,false,3,0,false
50,2,wt050_011,18.39820671,18.39821,8.16233,4.03016,1.54977,10.00495,0.22524,4.02365,1.72212,0,23028,23028,0.001217391,23028,23000,638,389,86906,16195,0,0,0,0,0,110,0,0,0,1,7/12/2021,5000,1,0.8,3,8,0.7,false,false,false,3,0,false
50,2,wt050_016,125.8589306,125.85893,116.12241,49.30001,1.70653,9.5544,0.17662,49.14707,22.05039,0,46072,46072,0.00132577,46072,46011,8044,433,76522,11914,0,0,0,0,0,110,0,0,0,16,7/12/2021,5000,1,0.8,3,8,0.7,false,false,false,3,0,false
50,2,wt050_021,14.48182106,14.48182,7.21632,2.52288,1.92016,7.12514,0.13377,2.51978,0.86103,0,111069,111069,1.80E-05,111069,111067,679,643,73642,1993,0,0,0,0,0,110,0,0,0,1,7/12/2021,5000,1,0.8,3,8,0.7,false,false,false,3,0,false
50,2,wt050_026,6.050338745,6.05034,0.95128,0.92483,0.94607,4.93167,0.16157,0.92348,0.15287,0,26,26,0,26,26,259,259,85442,0,0,0,0,0,0,110,0,0,0,0,7/12/2021,5000,1,0.8,3,8,0.7,false,false,false,3,0,false
50,2,wt050_031,64.0379982,64.038,55.05088,32.54493,1.70395,8.75783,0.22176,32.37461,23.33463,0,5378,5378,0.016827378,5378,5289,2387,388,101260,40180,0,0,0,0,0,110,0,0,0,9,7/12/2021,5000,1,0.8,3,8,0.7,false,false,false,3,0,false
50,2,wt050_036,45.54494286,45.54494,32.90162,15.41316,1.62786,12.41335,0.22438,15.36882,8.25208,0,18956,18956,0.003440792,18956,18891,2045,399,105744,17523,0,0,0,0,0,110,0,0,0,4,7/12/2021,5000,1,0.8,3,8,0.7,false,false,false,3,0,false
50,2,wt050_041,75.25549316,75.25549,64.23033,27.38434,2.44909,10.7437,0.2754,27.33741,15.01139,0,38058,38058,0.002793002,38058,37952,3010,507,100086,16783,0,0,0,0,0,110,0,0,0,5,7/12/2021,5000,1,0.8,3,8,0.7,false,false,false,3,0,false
50,2,wt050_046,48.25609207,48.25609,39.87221,14.1259,2.36136,8.21543,0.16345,14.11199,4.63348,0,82105,82105,0.000255835,82105,82084,1965,631,82358,8150,0,0,0,0,0,110,0,0,0,4,7/12/2021,5000,1,0.8,3,8,0.7,false,false,false,3,0,false
50,2,wt050_051,0.215553284,0.21555,0.05511,0.03153,0.04926,0.00116,0.15382,0.03149,0.02932,0,0,0,0,0,0,1,1,91158,0,0,0,0,0,0,110,0,0,0,0,7/12/2021,5000,1,0.8,3,8,0.7,false,false,false,3,0,false
50,2,wt050_056,19.19424438,19.19424,11.52065,5.87344,1.04847,7.51445,0.15357,5.84988,3.69142,0,761,761,0.042465753,761,730,688,223,97306,49350,0,0,0,0,0,110,0,0,0,3,7/12/2021,5000,1,0.8,3,8,0.7,false,false,false,3,0,false
50,2,wt050_061,66.21239662,66.2124,53.65296,29.50902,2.44088,12.29608,0.25805,29.4056,15.95996,0,13682,13682,0.007362686,13682,13582,3099,460,120976,25746,0,0,0,0,0,110,0,0,0,5,7/12/2021,5000,1,0.8,3,8,0.7,false,false,false,3,0,false
50,2,wt050_066,13.87332726,13.87333,2.87192,2.83834,2.86526,10.7973,0.19852,2.83501,1.29506,0,40907,40907,0,40907,40907,649,649,84812,0,0,0,0,0,0,110,0,0,0,0,7/12/2021,5000,1,0.8,3,8,0.7,false,false,false,3,0,false
50,2,wt050_071,11.07679749,11.0768,2.24682,2.2133,2.23867,8.61565,0.20884,2.21044,0.60275,0,78532,78532,0,78532,78532,683,683,84552,0,0,0,0,0,0,110,0,0,0,0,7/12/2021,5000,1,0.8,3,8,0.7,false,false,false,3,0,false
50,2,wt050_076,0.254833221,0.25483,0.06276,0.03771,0.05542,0.00113,0.1859,0.03767,0.03492,0,0,0,0,0,0,1,1,115642,0,0,0,0,0,0,110,0,0,0,0,7/12/2021,5000,1,0.8,3,8,0.7,false,false,false,3,0,false
50,2,wt050_081,16.87406158,16.87406,7.41093,4.08944,1.81168,9.15441,0.30338,4.06376,1.84361,0,542,542,0.007434944,542,538,587,321,121562,49403,0,0,0,0,0,110,0,0,0,3,7/12/2021,5000,1,0.8,3,8,0.7,false,false,false,3,0,false
50,2,wt050_086,323.5856228,323.58562,306.77164,132.64277,2.5567,16.53031,0.27812,132.27213,65.33334,0,12557,12557,0.023640662,12557,12267,24592,478,113546,30100,0,0,0,0,0,110,0,0,0,49,7/12/2021,5000,1,0.8,3,8,0.7,false,false,false,3,0,false
50,2,wt050_091,122.6338234,122.63382,110.36288,43.19719,3.36776,11.97213,0.2935,43.13557,22.42582,0,47349,47349,0.001184108,47349,47293,5638,499,116176,14278,0,0,0,0,0,110,0,0,0,12,7/12/2021,5000,1,0.8,3,8,0.7,false,false,false,3,0,false
50,2,wt050_096,39.99284935,39.99285,29.60773,12.25815,2.76335,10.13215,0.24752,12.24016,4.9816,0,92822,92822,0.000226291,92822,92801,2001,560,101216,6958,0,0,0,0,0,110,0,0,0,3,7/12/2021,5000,1,0.8,3,8,0.7,false,false,false,3,0,false
50,2,wt050_101,0.235139847,0.23514,0.06087,0.03563,0.05404,0.00147,0.1674,0.0356,0.03318,0,0,0,0,0,0,1,1,102596,0,0,0,0,0,0,110,0,0,0,0,7/12/2021,5000,1,0.8,3,8,0.7,false,false,false,3,0,false
50,2,wt050_106,0.307863235,0.30786,0.08905,0.05533,0.08101,0.00111,0.21209,0.05525,0.05142,0,0,0,0,0,0,1,1,118156,0,0,0,0,0,0,110,0,0,0,0,7/12/2021,5000,1,0.8,3,8,0.7,false,false,false,3,0,false
50,2,wt050_111,23.62984657,23.62985,8.44854,4.4597,2.99446,14.8513,0.32421,4.45133,1.34017,0,15564,15564,0.001351091,15564,15543,943,578,128610,7423,0,0,0,0,0,110,0,0,0,2,7/12/2021,5000,1,0.8,3,8,0.7,false,false,false,3,0,false
50,2,wt050_116,230.719511,230.71951,216.55768,88.40594,2.05286,13.9475,0.20906,88.18191,40.68382,0,19608,19608,0.004508197,19608,19520,18916,473,99486,15991,0,0,0,0,0,110,0,0,0,44,7/12/2021,5000,1,0.8,3,8,0.7,false,false,false,3,0,false
50,2,wt050_121,13.39274788,13.39275,2.56344,2.52417,2.55567,10.56994,0.25399,2.52082,0.68637,0,41696,41696,0,41696,41696,781,781,99294,0,0,0,0,0,0,110,0,0,0,0,7/12/2021,5000,1,0.8,3,8,0.7,false,false,false,3,0,false
50,4,wt050_001,12.50837135,12.50837,3.7961,1.97741,0.37814,8.63156,0.07118,1.95606,1.13588,0,785,785,0.01029601,785,777,512,200,49336,25068,0,0,0,0,0,110,0,0,0,3,7/12/2021,5000,1,0.8,3,8,0.7,false,false,false,3,0,false
50,4,wt050_006,19.04909897,19.0491,5.5472,2.40434,0.54354,13.4163,0.07517,2.3998,1.0478,0,8317,8317,0.002289708,8317,8298,449,289,53944,13672,0,0,0,0,0,110,0,0,0,2,7/12/2021,5000,1,0.8,3,8,0.7,false,false,false,3,0,false
50,4,wt050_011,20.81254578,20.81255,6.8242,2.83743,0.64641,13.90473,0.07422,2.83323,0.84774,0,12879,12879,0.000621552,12879,12871,580,280,49196,6701,0,0,0,0,0,110,0,0,0,2,7/12/2021,5000,1,0.8,3,8,0.7,false,false,false,3,0,false
50,4,wt050_016,16.95921707,16.95922,5.07286,1.83704,1.18264,11.8088,0.06821,1.83448,0.51414,0,25376,25376,3.94E-05,25376,25375,476,462,47444,1102,0,0,0,0,0,110,0,0,0,2,7/12/2021,5000,1,0.8,3,8,0.7,false,false,false,3,0,false
50,4,wt050_021,10.30586243,10.30586,1.16119,1.13857,1.15784,9.04865,0.08707,1.13779,0.63929,0,59440,59440,0,59440,59440,355,355,52568,0,0,0,0,0,0,110,0,0,0,0,7/12/2021,5000,1,0.8,3,8,0.7,false,false,false,3,0,false
50,4,wt050_026,9.032331467,9.03233,0.30645,0.28397,0.30324,8.63435,0.08059,0.28329,0.03791,0,54,54,0,54,54,180,180,47962,0,0,0,0,0,0,110,0,0,0,0,7/12/2021,5000,1,0.8,3,8,0.7,false,false,false,3,0,false
50,4,wt050_031,13.92454529,13.92454,0.43518,0.41257,0.43178,13.39447,0.08416,0.41181,0.09279,0,3061,3061,0,3061,3061,231,231,53666,0,0,0,0,0,0,110,0,0,0,0,7/12/2021,5000,1,0.8,3,8,0.7,false,false,false,3,0,false
50,4,wt050_036,19.5554657,19.55547,2.93733,1.32274,0.95001,16.47983,0.12698,1.31953,0.32395,0,10796,10796,0.000185288,10796,10794,294,294,57986,3823,0,0,0,0,0,110,0,0,0,1,7/12/2021,5000,1,0.8,3,8,0.7,false,false,false,3,0,false
50,4,wt050_041,62.47016525,62.47016,50.3293,20.82727,0.85237,12.02007,0.10564,20.79247,9.91476,0,21806,21806,0.001055869,21806,21783,2314,416,59314,6570,0,0,0,0,0,110,0,0,0,7,7/12/2021,5000,1,0.8,3,8,0.7,false,false,false,3,0,false
50,4,wt050_046,20.65215111,20.65215,10.8861,3.86308,1.12464,9.66221,0.08991,3.85963,1.46326,0,44455,44455,6.75E-05,44455,44452,591,425,53068,2570,0,0,0,0,0,110,0,0,0,2,7/12/2021,5000,1,0.8,3,8,0.7,false,false,false,3,0,false
50,4,wt050_051,0.131469727,0.13147,0.04053,0.01392,0.03702,0.00128,0.07804,0.01389,0.01293,0,0,0,0,0,0,1,1,50386,0,0,0,0,0,0,110,0,0,0,0,7/12/2021,5000,1,0.8,3,8,0.7,false,false,false,3,0,false
50,4,wt050_056,19.56706429,19.56706,8.51082,4.74836,0.36471,10.96643,0.07851,4.68733,2.9967,0,570,570,0.059479554,570,538,743,189,52696,23072,0,0,0,0,0,110,0,0,0,4,7/12/2021,5000,1,0.8,3,8,0.7,false,false,false,3,0,false
50,4,wt050_061,140.2891159,140.28911,121.36741,59.64142,1.49973,18.80274,0.11343,59.39847,31.68832,0,7898,7898,0.00611465,7898,7850,8000,243,64786,12289,0,0,0,0,0,110,0,0,0,31,7/12/2021,5000,1,0.8,3,8,0.7,false,false,false,3,0,false
50,4,wt050_066,16.9905777,16.99058,1.72877,1.7039,1.72511,15.17895,0.0684,1.70213,1.0471,0,23138,23138,0,23138,23138,349,349,47436,0,0,0,0,0,0,110,0,0,0,0,7/12/2021,5000,1,0.8,3,8,0.7,false,false,false,3,0,false
50,4,wt050_071,67.77301407,67.77301,54.96044,21.21079,1.54282,12.67785,0.12338,21.18235,9.20233,0,42645,42645,0.000469208,42645,42625,2151,378,51240,6256,0,0,0,0,0,110,0,0,0,8,7/12/2021,5000,1,0.8,3,8,0.7,false,false,false,3,0,false
50,4,wt050_076,0.157339096,0.15734,0.04096,0.01905,0.03695,0.00127,0.10075,0.019,0.01771,0,0,0,0,0,0,1,1,60722,0,0,0,0,0,0,110,0,0,0,0,7/12/2021,5000,1,0.8,3,8,0.7,false,false,false,3,0,false
50,4,wt050_081,16.20259666,16.2026,1.36336,1.10488,0.70261,14.6875,0.14048,1.09822,0.48736,0,495,495,0.035564853,495,478,233,194,63324,21492,0,0,0,0,0,110,0,0,0,1,7/12/2021,5000,1,0.8,3,8,0.7,false,false,false,3,0,false
50,4,wt050_086,66.13341904,66.13342,38.8887,14.64503,1.00691,27.1196,0.11401,14.60682,6.14412,0,8369,8369,0.004923151,8369,8328,2069,282,59906,6464,0,0,0,0,0,110,0,0,0,17,7/12/2021,5000,1,0.8,3,8,0.7,false,false,false,3,0,false
50,4,wt050_091,24.2287674,24.22877,7.80894,3.87809,2.35457,16.25745,0.14732,3.87538,2.35757,0,26551,26551,0.000188352,26551,26546,336,240,63460,2495,0,0,0,0,0,110,0,0,0,1,7/12/2021,5000,1,0.8,3,8,0.7,false,false,false,3,0,false
50,4,wt050_096,36.69833946,36.69834,22.61361,8.58133,1.089,13.99215,0.08767,8.57515,2.76772,0,50326,50326,0.000278264,50326,50312,1111,411,58562,4674,0,0,0,0,0,110,0,0,0,5,8/12/2021,5000,1,0.8,3,8,0.7,false,false,false,3,0,false
50,4,wt050_101,0.137357712,0.13736,0.03855,0.01705,0.03494,0.00252,0.08266,0.01702,0.01549,0,0,0,0,0,0,1,1,54024,0,0,0,0,0,0,110,0,0,0,0,7/12/2021,5000,1,0.8,3,8,0.7,false,false,false,3,0,false
50,4,wt050_106,0.141050339,0.14105,0.04182,0.01966,0.03766,0.0014,0.08293,0.01962,0.0181,0,0,0,0,0,0,1,1,62788,0,0,0,0,0,0,110,0,0,0,0,7/12/2021,5000,1,0.8,3,8,0.7,false,false,false,3,0,false
50,4,wt050_111,49.52608871,49.52609,22.01858,7.60091,0.68976,27.41405,0.08808,7.58912,2.78957,0,10069,10069,0.002189708,10069,10047,1313,345,65988,4049,0,0,0,0,0,110,0,0,0,9,8/12/2021,5000,1,0.8,3,8,0.7,false,false,false,3,0,false
50,4,wt050_116,65.66705894,65.66706,48.15589,21.73716,1.34589,17.39158,0.1044,21.68576,9.57774,0,11552,11552,0.002864832,11552,11519,3793,295,53134,7624,0,0,0,0,0,110,0,0,0,11,7/12/2021,5000,1,0.8,3,8,0.7,false,false,false,3,0,false
50,4,wt050_121,40.33254433,40.33254,26.14074,10.12135,0.75445,14.06678,0.1081,10.10257,3.69495,0,23792,23792,0.001135981,23795,23768,1970,336,55798,6590,0,0,0,0,0,110,0,0,0,7,7/12/2021,5000,1,0.8,3,8,0.7,false,false,false,3,0,false
100,2,wt100_001,115.7081432,115.70814,92.02292,65.95934,8.08121,22.97703,0.68319,65.10123,39.23615,0,3339,3339,0.007543754,3339,3314,2186,613,328070,192230,0,0,0,0,0,110,0,0,0,3,7/12/2021,5000,1,0.8,3,8,0.7,false,false,false,3,0,false
100,2,wt100_006,7241.280127,7241.28013,7208.98561,2246.30917,10.92515,31.5071,0.76338,2217.7648,889.15427,0.000619983,30646,30665,0.000685289,30665,30644,172182,734,365770,134131,0,0,0,0,0,110,0,0,0,450,7/12/2021,5000,1,0.8,3,8,0.7,false,false,false,3,0,false
100,2,wt100_011,58.41130829,58.41131,15.92973,15.88374,15.90374,41.71345,0.74498,15.85291,3.45945,0,93894,93894,0,93894,93894,1067,1067,332022,0,0,0,0,0,0,110,0,0,0,0,7/12/2021,5000,1,0.8,3,8,0.7,false,false,false,3,0,false
100,2,wt100_016,457.0449028,457.0449,406.83385,211.46233,21.43743,49.34568,0.84109,210.7964,41.36108,0,209100,209100,0.000205686,209100,209057,21560,1474,350432,28731,0,0,0,0,0,110,0,0,0,15,7/12/2021,5000,1,0.8,3,8,0.7,false,false,false,3,0,false
100,2,wt100_021,394.3734322,394.37343,356.24519,195.94285,26.27641,37.41247,0.69596,195.51623,28.77945,0,457836,457836,5.02E-05,457837,457814,20695,1875,297938,24343,0,0,0,0,0,110,0,0,0,19,7/12/2021,5000,1,0.8,3,8,0.7,false,false,false,3,0,false
100,2,wt100_026,28.44260979,28.44261,9.45913,9.40612,9.42699,17.97602,0.98083,9.39321,1.67973,0,92,92,0,92,92,476,476,408390,0,0,0,0,0,0,110,0,0,0,0,7/12/2021,5000,1,0.8,3,8,0.7,false,false,false,3,0,false
100,2,wt100_031,111.652977,111.65298,78.67952,27.97789,11.94753,32.00408,0.94547,27.73102,6.36759,0,12729,12729,0.000314342,12729,12725,1695,683,408630,158338,0,0,0,0,0,110,0,0,0,4,7/12/2021,5000,1,0.8,3,8,0.7,false,false,false,3,0,false
100,2,wt100_036,1499.018215,1499.01821,1448.72658,814.81685,15.67138,49.36212,0.90257,809.02123,371.14847,0,56671,56671,0.001714569,56671,56574,36434,957,411536,88067,0,0,0,0,0,110,0,0,0,27,7/12/2021,5000,1,0.8,3,8,0.7,false,false,false,3,0,false
100,2,wt100_041,1741.328257,1741.32826,1683.55655,926.26025,26.32494,56.56943,1.17477,923.77709,226.75834,0,237964,237964,0.000815915,237964,237770,58998,1427,457718,64360,0,0,0,0,0,110,0,0,0,39,7/12/2021,5000,1,0.8,3,8,0.7,false,false,false,3,0,false
100,2,wt100_046,870.7134647,870.71346,827.15896,486.04991,20.52465,42.69416,0.83763,485.11068,79.31958,0,422831,422831,6.39E-05,422831,422804,36782,1436,339138,28287,0,0,0,0,0,110,0,0,0,23,7/12/2021,5000,1,0.8,3,8,0.7,false,false,false,3,0,false
100,2,wt100_051,1.233572006,1.23357,0.22396,0.16735,0.19037,0.00303,0.97877,0.16729,0.15509,0,0,0,0,0,0,1,1,397520,0,0,0,0,0,0,110,0,0,0,0,7/12/2021,5000,1,0.8,3,8,0.7,false,false,false,3,0,false
100,2,wt100_056,100.693882,100.69388,62.47855,53.7408,12.84692,37.20503,0.9815,53.21976,28.97715,0,5047,5047,0.012843668,5047,4983,1934,695,443922,203045,0,0,0,0,0,110,0,0,0,1,7/12/2021,5000,1,0.8,3,8,0.7,false,false,false,3,0,false
100,2,wt100_061,7295.225145,7295.22514,7221.44406,3805.24934,17.81935,72.82102,0.93289,3785.02292,1119.97503,0.002485702,45460,45573,0.003567418,45573,45411,245004,1128,425856,71303,0,0,0,0,0,110,0,0,0,185,7/12/2021,5000,1,0.8,3,8,0.7,false,false,false,3,0,false
100,2,wt100_066,7305.726343,7305.72634,7220.92595,4019.6366,19.96622,83.90247,0.87091,4006.1408,899.39064,0.00065649,126430,126513,0.00087813,126516,126405,293447,1243,382082,52994,0,0,0,0,0,110,0,0,0,186,7/12/2021,5000,1,0.8,3,8,0.7,false,false,false,3,0,false
100,2,wt100_071,114.7481861,114.74818,63.61572,38.73235,23.11289,50.16532,0.94252,38.68346,6.91973,0,327305,327305,1.53E-05,327305,327300,2545,1729,373954,7160,0,0,0,0,0,110,0,0,0,2,7/12/2021,5000,1,0.8,3,8,0.7,false,false,false,3,0,false
100,2,wt100_076,1.219003677,1.219,0.21913,0.16321,0.18645,0.00347,0.97388,0.16315,0.15295,0,0,0,0,0,0,1,1,411188,0,0,0,0,0,0,110,0,0,0,0,7/12/2021,5000,1,0.8,3,8,0.7,false,false,false,3,0,false
100,2,wt100_081,168.9709282,168.97093,118.31021,89.66055,19.67351,49.65496,0.97472,88.97024,25.34188,0,908,908,0.147914033,908,791,5810,1086,438794,163654,0,0,0,0,0,110,0,0,0,8,7/12/2021,5000,1,0.8,3,8,0.7,false,false,false,3,0,false
100,2,wt100_086,7289.201914,7289.20191,7212.34122,3018.89968,24.36602,75.77564,1.05791,2990.27127,868.8248,0.01317352,36209,36686,0.013257471,36686,36206,374832,1229,492908,129849,0,0,0,0,0,110,0,0,0,656,7/12/2021,5000,1,0.8,3,8,0.7,false,false,false,3,0,false
100,2,wt100_091,7376.819586,7376.81959,7237.23927,4084.98621,19.94793,138.49237,1.06208,4073.13655,921.68933,0.000909014,129811,129929,0.002631416,129929,129588,247739,1116,422302,83907,0,0,0,0,0,110,0,0,0,142,7/12/2021,5000,1,0.8,3,8,0.7,false,false,false,3,0,false
100,2,wt100_096,4489.522049,4489.52205,4431.02383,2449.61183,20.16061,57.5514,0.91646,2444.3894,354.41396,0,254194,254194,0.000212481,254194,254140,157750,1366,367624,35650,0,0,0,0,0,110,0,0,0,104,8/12/2021,5000,1,0.8,3,8,0.7,false,false,false,3,0,false
100,2,wt100_101,1.225709915,1.22571,0.21101,0.15893,0.18202,0.00279,0.97964,0.15888,0.14896,0,0,0,0,0,0,1,1,423494,0,0,0,0,0,0,110,0,0,0,0,7/12/2021,5000,1,0.8,3,8,0.7,false,false,false,3,0,false
100,2,wt100_106,1.409296036,1.4093,0.2668,0.20125,0.22638,0.00286,1.10639,0.20117,0.1884,0,0,0,0,0,0,1,1,490550,0,0,0,0,0,0,110,0,0,0,0,7/12/2021,5000,1,0.8,3,8,0.7,false,false,false,3,0,false
100,2,wt100_111,7408.925335,7408.92533,7212.51098,3974.54605,26.47828,195.27468,1.10649,3961.86862,855.12524,0.002010588,84055,84224,0.002630858,84224,84003,273187,1281,524504,82564,0,0,0,0,0,110,0,0,0,161,8/12/2021,5000,1,0.8,3,8,0.7,false,false,false,3,0,false
100,2,wt100_116,7329.450521,7329.45052,7224.12479,3918.48606,24.84775,104.16254,1.13048,3907.8069,637.86416,0.000512802,191107,191205,0.000627993,191205,191085,283564,1385,456936,54889,0,0,0,0,0,110,0,0,0,192,8/12/2021,5000,1,0.8,3,8,0.7,false,false,false,3,0,false
100,2,wt100_121,7275.239506,7275.2395,7213.38929,3915.38082,22.92129,60.79147,1.02266,3906.60606,659.61563,0.000256245,241956,242018,0.000264513,242018,241954,275555,1500,418768,37612,0,0,0,0,0,110,0,0,0,193,8/12/2021,5000,1,0.8,3,8,0.7,false,false,false,3,0,false
100,4,wt100_001,63.97798157,63.97798,30.05793,14.08732,3.94019,33.50292,0.39472,13.97448,5.90978,0,2001,2001,0.005527638,2001,1990,750,493,192376,112743,0,0,0,0,0,110,0,0,0,3,7/12/2021,5000,1,0.8,3,8,0.7,false,false,false,3,0,false
100,4,wt100_006,57.00138092,57.00138,5.94029,5.90444,5.9257,50.59135,0.44657,5.89429,1.06529,0,16893,16893,0,16893,16893,632,632,202332,0,0,0,0,0,0,110,0,0,0,0,7/12/2021,5000,1,0.8,3,8,0.7,false,false,false,3,0,false
100,4,wt100_011,1852.599939,1852.59994,1713.27735,651.56377,7.35377,138.83703,0.45927,643.86571,236.09062,0,50232,50232,0.000757032,50234,50196,33910,799,198726,44396,0,0,0,0,0,110,0,0,0,108,7/12/2021,5000,1,0.8,3,8,0.7,false,false,false,3,0,false
100,4,wt100_016,3038.949759,3038.94976,2953.93379,1495.74257,9.01959,84.54166,0.45209,1490.56376,586.90482,0,110219,110219,0.001062632,110221,110104,56895,931,208872,40500,0,0,0,0,0,110,0,0,0,84,7/12/2021,5000,1,0.8,3,8,0.7,false,false,false,3,0,false
100,4,wt100_021,94.11296654,94.11297,29.11736,17.75994,7.72509,64.43424,0.54365,17.74958,3.20054,0,237392,237392,1.26E-05,237392,237389,942,863,216244,8157,0,0,0,0,0,110,0,0,0,1,7/12/2021,5000,1,0.8,3,8,0.7,false,false,false,3,0,false
100,4,wt100_026,36.58334351,36.58334,4.47254,4.43343,4.45463,31.56707,0.5163,4.42472,0.52109,0,141,141,0,141,141,460,460,223354,0,0,0,0,0,0,110,0,0,0,0,7/12/2021,5000,1,0.8,3,8,0.7,false,false,false,3,0,false
100,4,wt100_031,992.6236935,992.62369,946.5295,552.83019,5.65095,45.57311,0.49587,543.61074,378.41765,0,7130,7130,0.007062147,7130,7080,15090,564,219304,95436,0,0,0,0,0,110,0,0,0,43,7/12/2021,5000,1,0.8,3,8,0.7,false,false,false,3,0,false
100,4,wt100_036,106.7078724,106.70787,31.53948,18.61646,8.6435,74.60242,0.53625,18.56343,5.85328,0,30791,30791,0.000584928,30791,30773,1227,811,223610,37460,0,0,0,0,0,110,0,0,0,1,7/12/2021,5000,1,0.8,3,8,0.7,false,false,false,3,0,false
100,4,wt100_041,1071.35725,1071.35725,983.86983,469.22535,12.94293,86.68385,0.77313,468.044,134.15837,0,126185,126185,0.000499485,126193,126130,28316,673,258358,31778,0,0,0,0,0,110,0,0,0,43,7/12/2021,5000,1,0.8,3,8,0.7,false,false,false,3,0,false
100,4,wt100_046,194.9948502,194.99485,119.8789,62.50515,10.30035,74.52216,0.57259,62.42405,11.50088,0,219536,219536,4.56E-05,219536,219526,3372,996,213482,14621,0,0,0,0,0,110,0,0,0,4,7/12/2021,5000,1,0.8,3,8,0.7,false,false,false,3,0,false
100,4,wt100_051,0.617401123,0.6174,0.11351,0.07798,0.0973,0.00316,0.46908,0.07792,0.07308,0,0,0,0,0,0,1,1,211884,0,0,0,0,0,0,110,0,0,0,0,7/12/2021,5000,1,0.8,3,8,0.7,false,false,false,3,0,false
100,4,wt100_056,144.9835262,144.98352,93.0393,61.18855,6.37207,51.3657,0.54918,59.90169,36.17199,0,3076,3076,0.018205892,3076,3021,2753,601,228968,103164,0,0,0,0,0,110,0,0,0,6,7/12/2021,5000,1,0.8,3,8,0.7,false,false,false,3,0,false
100,4,wt100_061,7358.57337,7358.57337,7217.08674,3498.70322,7.18667,140.92191,0.53636,3477.11448,992.44632,0.001369201,24832,24866,0.002701068,24872,24805,204436,702,224114,33460,0,0,0,0,0,110,0,0,0,469,7/12/2021,5000,1,0.8,3,8,0.7,false,false,false,3,0,false
100,4,wt100_066,4092.857655,4092.85765,3908.55098,1892.66575,10.49346,183.81724,0.46599,1887.60452,434.41676,0,67967,67967,0.000603411,67988,67947,115412,626,209252,25102,0,0,0,0,0,110,0,0,0,225,7/12/2021,5000,1,0.8,3,8,0.7,false,false,false,3,0,false
100,4,wt100_071,7293.546158,7293.54616,7215.23223,3501.37656,9.80021,77.73924,0.55181,3496.00819,564.79859,0.000111323,170675,170694,0.000146478,170699,170674,170140,922,220424,23525,0,0,0,0,0,110,0,0,0,316,7/12/2021,5000,1,0.8,3,8,0.7,false,false,false,3,0,false
100,4,wt100_076,0.681728363,0.68173,0.13169,0.08673,0.11573,0.00316,0.51073,0.08667,0.08169,0,0,0,0,0,0,1,1,215486,0,0,0,0,0,0,110,0,0,0,0,7/12/2021,5000,1,0.8,3,8,0.7,false,false,false,3,0,false
100,4,wt100_081,102.6689434,102.66894,22.5045,18.76523,8.74867,79.61746,0.51306,18.59823,5.17275,0,819,819,0.086206896,819,754,1592,842,225432,79643,0,0,0,0,0,110,0,0,0,3,7/12/2021,5000,1,0.8,3,8,0.7,false,false,false,3,0,false
100,4,wt100_086,2565.232979,2565.23298,2401.58757,1209.30732,9.67026,163.04513,0.5633,1203.72781,376.54725,0,21282,21282,0.004197717,21291,21202,72350,821,255520,34068,0,0,0,0,0,110,0,0,0,151,7/12/2021,5000,1,0.8,3,8,0.7,false,false,false,3,0,false
100,4,wt100_091,1125.722677,1125.72268,970.39882,435.94706,7.90548,154.713,0.57075,435.19063,83.09196,0,70606,70606,0.000368366,70608,70582,20755,764,232186,17441,0,0,0,0,0,110,0,0,0,49,7/12/2021,5000,1,0.8,3,8,0.7,false,false,false,3,0,false
100,4,wt100_096,566.573204,566.5732,492.56152,230.11181,8.79168,73.46632,0.51111,229.58794,40.02465,0,133587,133587,0.000149733,133591,133571,16965,779,208532,17603,0,0,0,0,0,110,0,0,0,36,7/12/2021,5000,1,0.8,3,8,0.7,false,false,false,3,0,false
100,4,wt100_101,0.665546417,0.66555,0.13209,0.08932,0.11543,0.00303,0.50128,0.08923,0.08185,0,0,0,0,0,0,1,1,220034,0,0,0,0,0,0,110,0,0,0,0,7/12/2021,5000,1,0.8,3,8,0.7,false,false,false,3,0,false
100,4,wt100_106,0.737617493,0.73762,0.13272,0.09253,0.11525,0.00329,0.56528,0.09247,0.08657,0,0,0,0,0,0,1,1,251442,0,0,0,0,0,0,110,0,0,0,0,7/12/2021,5000,1,0.8,3,8,0.7,false,false,false,3,0,false
100,4,wt100_111,7419.215225,7419.21522,7223.97453,3496.48537,11.64361,194.61875,0.58854,3487.48501,853.17329,0.001157383,46657,46711,0.002316801,46724,46616,173698,811,268358,41194,0,0,0,0,0,110,0,0,0,284,7/12/2021,5000,1,0.8,3,8,0.7,false,false,false,3,0,false
100,4,wt100_116,7350.814768,7350.81477,7228.81243,3534.45988,9.17072,121.32149,0.64396,3526.58356,627.83885,0.000581183,101517,101576,0.000630455,101578,101514,154684,809,240108,31114,0,0,0,0,0,110,0,0,0,293,7/12/2021,5000,1,0.8,3,8,0.7,false,false,false,3,0,false
100,4,wt100_121,2293.118688583374,2293.11869,2053.15798,935.03769,9.29960,239.44984,0.48894,933.32052,177.80146,0,127618,127618,0.00020377293425028197,127619,127593,54466,756,232006,17716,0,0,0,0,0,110,0,0,0,123,2021-12-08,10000,1,0.8,3,8,0.7,false,false,false,3,0,false
